size,period,wns,power,area
8,8,-0.38,0.00918,2.3296831008
8,9,0.00,0.00816,2.3296831008
16,9,-0.84,0.0293,18.0778030464
16,10,0.00,0.0264,18.0778030464
