size,period,wns,power,area
8,8,0.00,0.00927,0.22968028160000004
8,9,0.00,0.00824,0.22968028160000004
8,11,0.00,0.00674,0.22968028160000004
16,8,-0.82,0.0344,0.8117285120000001
16,9,0.00,0.0306,0.8117285120000001
16,11,0.00,0.025,0.8117285120000001
32,8,-2.29,0.132,3.0900360896
32,9,-1.29,0.117,3.0900360896
32,11,0.00,0.096,3.0900360896